X,Y,Time
1225.3,245.5,1607623212073
1227.7,245.3,1607623212077
1229.7,244.8,1607623212081
1230.2,244.0,1607623212085
1230.2,243.5,1607623212089
1230.1,243.5,1607623212093
1229.9,243.7,1607623212097
1229.6,243.8,1607623212101
1229.5,243.8,1607623212105
1229.7,243.7,1607623212109
1229.8,243.8,1607623212113
1229.9,244.1,1607623212117
1230.0,244.2,1607623212121
1230.4,244.1,1607623212125
1231.3,243.6,1607623212129
1232.7,241.9,1607623212133
1234.4,240.7,1607623212137
1236.6,240.9,1607623212141
1238.4,242.4,1607623212145
1240.7,244.4,1607623212149
1245.9,245.0,1607623212153
1258.3,242.9,1607623212157
1275.1,240.0,1607623212161
1287.1,237.2,1607623212165
1288.6,234.1,1607623212169
1281.2,232.2,1607623212173
1273.6,230.4,1607623212177
1270.7,230.3,1607623212181
1271.9,230.6,1607623212185
1273.1,231.1,1607623212189
1274.0,231.3,1607623212193
1275.0,231.3,1607623212197
1276.2,231.1,1607623212201
1277.7,230.8,1607623212205
1278.9,230.4,1607623212209
1279.4,230.0,1607623212213
1279.1,229.8,1607623212217
1278.3,230.1,1607623212221
1277.0,230.8,1607623212225
1276.0,231.7,1607623212229
1275.3,232.2,1607623212233
1275.7,232.9,1607623212237
1276.4,233.5,1607623212241
1277.1,234.0,1607623212245
1277.3,233.5,1607623212249
1277.4,232.4,1607623212253
1277.5,231.4,1607623212257
1278.0,231.0,1607623212261
1278.5,231.2,1607623212265
1279.2,231.5,1607623212269
1280.0,231.3,1607623212273
1279.9,231.0,1607623212277
1279.5,230.6,1607623212281
1279.3,230.2,1607623212285
1279.7,230.0,1607623212289
1280.6,229.9,1607623212293
1281.1,230.1,1607623212297
1281.0,230.3,1607623212301
1280.8,230.3,1607623212305
1280.7,230.2,1607623212309
1280.4,230.2,1607623212313
1280.2,230.3,1607623212317
1280.2,230.7,1607623212321
1280.3,230.9,1607623212325
1280.2,230.9,1607623212329
1280.1,230.6,1607623212333
1280.3,229.6,1607623212337
1281.5,228.6,1607623212341
1282.9,227.7,1607623212345
1284.3,227.3,1607623212349
1284.8,227.2,1607623212353
1284.9,226.8,1607623212357
1284.8,225.8,1607623212361
1284.8,225.3,1607623212365
1284.9,226.0,1607623212369
1284.7,227.2,1607623212373
1284.4,227.9,1607623212377
1284.0,227.4,1607623212381
1284.1,226.1,1607623212385
1284.3,225.5,1607623212389
1284.7,225.7,1607623212393
1285.6,226.1,1607623212397
1286.5,226.6,1607623212401
1287.4,227.4,1607623212405
1287.5,228.1,1607623212409
1286.2,228.2,1607623212413
1284.6,227.8,1607623212417
1283.8,227.3,1607623212421
1283.8,226.7,1607623212425
1284.9,226.3,1607623212429
1285.9,225.8,1607623212433
1286.4,225.2,1607623212437
1286.4,224.7,1607623212441
1286.3,224.2,1607623212445
1286.3,223.7,1607623212449
1286.8,222.9,1607623212453
1287.3,222.3,1607623212457
1287.5,221.8,1607623212461
1287.7,221.3,1607623212465
1288.0,221.1,1607623212469
1288.6,221.0,1607623212473
1289.4,220.9,1607623212477
1290.1,220.7,1607623212481
1290.4,220.0,1607623212485
1290.7,219.0,1607623212489
1290.7,217.5,1607623212493
1290.4,216.0,1607623212497
1290.0,214.9,1607623212501
1289.5,214.4,1607623212505
1289.5,214.1,1607623212509
1289.8,213.9,1607623212513
1290.3,213.7,1607623212517
1291.1,213.5,1607623212521
1292.0,213.3,1607623212525
1292.7,213.3,1607623212529
1293.6,213.5,1607623212533
1294.5,214.2,1607623212537
1295.2,214.9,1607623212541
1295.7,215.5,1607623212545
1295.5,216.0,1607623212549
1294.8,216.3,1607623212553
1293.9,216.9,1607623212557
1293.0,217.5,1607623212561
1292.8,217.8,1607623212565
1293.4,217.6,1607623212569
1294.2,217.3,1607623212573
1295.0,216.9,1607623212577
1294.9,216.1,1607623212581
1294.3,215.4,1607623212585
1293.3,215.6,1607623212589
1292.3,216.8,1607623212593
1292.0,219.3,1607623212597
1291.8,221.3,1607623212601
1291.9,222.4,1607623212605
1292.1,222.1,1607623212609
1292.2,221.6,1607623212613
1292.4,221.2,1607623212617
1292.3,221.0,1607623212621
1292.3,221.2,1607623212625
1292.4,221.2,1607623212629
1293.2,220.2,1607623212633
1294.2,219.1,1607623212637
1294.9,218.1,1607623212641
1295.3,217.4,1607623212645
1295.6,216.9,1607623212649
1295.7,216.6,1607623212653
1294.9,217.0,1607623212657
1295.3,217.3,1607623212661
1296.0,217.8,1607623212665
1297.3,217.3,1607623212669
1298.4,216.6,1607623212673
1298.3,216.3,1607623212677
1298.4,215.8,1607623212681
1298.5,214.3,1607623212685
1298.3,212.6,1607623212689
1297.9,210.7,1607623212693
1297.3,209.2,1607623212697
1297.1,208.0,1607623212701
1298.0,206.3,1607623212705
1301.5,203.7,1607623212709
1307.3,197.3,1607623212713
1312.1,190.2,1607623212717
1312.5,184.9,1607623212721
1309.1,184.5,1607623212725
1306.1,188.2,1607623212729
1305.1,191.5,1607623212733
1306.5,192.9,1607623212737
1307.6,192.4,1607623212741
1308.3,192.0,1607623212745
1308.5,191.5,1607623212749
1308.2,191.4,1607623212753
1308.1,191.6,1607623212757
1308.2,191.7,1607623212761
1308.4,192.0,1607623212765
1308.7,192.1,1607623212769
1308.6,192.1,1607623212773
1308.4,192.0,1607623212777
1308.3,191.7,1607623212781
1308.8,191.1,1607623212785
1310.0,190.1,1607623212789
1311.3,188.3,1607623212793
1312.4,186.7,1607623212797
1312.7,185.3,1607623212801
1312.4,184.0,1607623212805
1311.7,182.8,1607623212809
1311.1,180.7,1607623212813
1310.8,178.6,1607623212817
1310.9,177.6,1607623212821
1310.6,177.5,1607623212825
1310.5,177.9,1607623212829
1310.6,178.2,1607623212833
1311.0,178.9,1607623212837
1311.4,179.3,1607623212841
1311.6,179.3,1607623212845
1311.6,178.8,1607623212849
1311.6,178.0,1607623212853
1311.8,177.4,1607623212857
1312.1,177.0,1607623212861
1312.7,176.8,1607623212865
1313.4,177.2,1607623212869
1314.1,177.5,1607623212873
1314.6,177.3,1607623212877
1314.9,177.2,1607623212881
1315.1,177.1,1607623212885
1315.1,177.1,1607623212889
1315.0,177.3,1607623212893
1314.9,177.7,1607623212897
1314.6,178.3,1607623212901
1314.5,179.0,1607623212905
1314.8,179.2,1607623212909
1315.1,179.3,1607623212913
1315.3,179.6,1607623212917
1315.1,180.2,1607623212921
1314.7,180.6,1607623212925
1314.7,180.7,1607623212929
1314.5,180.1,1607623212933
1314.3,179.3,1607623212937
1314.3,177.6,1607623212941
1314.4,175.9,1607623212945
1314.8,174.8,1607623212949
1315.2,174.3,1607623212953
1315.5,174.0,1607623212957
1316.0,172.9,1607623212961
1316.5,171.9,1607623212965
1317.0,171.5,1607623212969
1317.5,171.6,1607623212973
1317.7,172.3,1607623212977
1317.1,172.7,1607623212981
1315.4,173.4,1607623212985
1313.5,174.1,1607623212989
1312.2,174.8,1607623212993
1312.4,175.1,1607623212997
1313.0,175.0,1607623213001
1313.7,174.6,1607623213005
1314.0,174.6,1607623213009
1313.7,175.4,1607623213013
1313.5,176.5,1607623213017
1313.1,177.6,1607623213021
1312.8,178.1,1607623213025
1312.2,178.4,1607623213029
1311.6,178.7,1607623213033
1311.0,178.8,1607623213037
1310.4,179.9,1607623213041
1309.8,181.4,1607623213045
1309.5,182.8,1607623213049
1309.6,184.1,1607623213053
1309.9,184.7,1607623213057
1310.7,184.5,1607623213061
1311.5,183.5,1607623213065
1312.4,182.3,1607623213069
1313.0,181.4,1607623213073
1313.4,181.0,1607623213077
1313.2,181.1,1607623213081
1313.0,181.2,1607623213085
1312.8,181.2,1607623213089
1312.3,181.1,1607623213093
1311.8,180.4,1607623213097
1311.2,179.8,1607623213101
1310.8,179.3,1607623213105
1311.8,178.9,1607623213109
1313.6,178.5,1607623213113
1314.9,178.3,1607623213117
1315.2,178.2,1607623213121
1314.5,178.2,1607623213125
1313.9,177.9,1607623213129
1314.4,177.5,1607623213133
1315.1,177.2,1607623213137
1315.5,177.2,1607623213141
1315.7,177.3,1607623213145
1315.5,177.6,1607623213149
1315.3,178.0,1607623213153
1315.0,178.7,1607623213157
1315.5,179.5,1607623213161
1316.7,179.5,1607623213165
1318.1,178.0,1607623213169
1319.3,175.9,1607623213173
1320.0,173.4,1607623213177
1320.0,171.7,1607623213181
1320.0,171.0,1607623213185
1319.8,170.2,1607623213189
1319.2,169.9,1607623213193
1317.7,170.1,1607623213197
1316.3,170.4,1607623213201
1315.1,170.5,1607623213205
1315.0,170.0,1607623213209
1315.4,169.4,1607623213213
1316.2,169.6,1607623213217
1316.9,170.2,1607623213221
1317.7,170.9,1607623213225
1318.2,170.7,1607623213229
1318.1,170.1,1607623213233
1317.9,169.6,1607623213237
1317.2,169.6,1607623213241
1316.4,169.6,1607623213245
1316.9,169.2,1607623213249
1318.0,168.8,1607623213253
1319.3,168.7,1607623213257
1319.6,169.1,1607623213261
1318.5,169.7,1607623213265
1317.9,170.0,1607623213269
1318.2,170.1,1607623213273
1318.9,170.9,1607623213277
1319.5,171.7,1607623213281
1319.3,172.1,1607623213285
1319.3,171.8,1607623213289
1319.7,170.8,1607623213293
1320.4,170.1,1607623213297
1321.1,170.0,1607623213301
1321.4,170.2,1607623213305
1321.2,170.7,1607623213309
1320.4,171.5,1607623213313
1318.7,171.7,1607623213317
1317.2,171.5,1607623213321
1316.2,170.6,1607623213325
1316.1,169.1,1607623213329
1316.3,167.9,1607623213333
1316.3,167.1,1607623213337
1316.2,166.7,1607623213341
1316.2,167.0,1607623213345
1316.6,167.3,1607623213349
1317.0,167.8,1607623213353
1317.4,169.1,1607623213357
1317.5,170.5,1607623213361
1317.7,171.7,1607623213365
1317.9,172.3,1607623213369
1318.0,172.4,1607623213373
1318.4,172.3,1607623213377
1318.9,172.0,1607623213381
1319.8,171.6,1607623213385
1320.5,171.0,1607623213389
1320.8,170.7,1607623213393
1320.6,170.4,1607623213397
1320.0,170.6,1607623213401
1319.4,170.8,1607623213405
1318.8,171.2,1607623213409
1318.6,171.6,1607623213413
1318.4,172.0,1607623213417
1318.5,172.1,1607623213421
1318.9,171.4,1607623213425
1319.6,170.5,1607623213429
1321.2,169.6,1607623213433
1322.7,169.5,1607623213437
1324.1,169.9,1607623213441
1324.6,170.3,1607623213445
1324.5,170.3,1607623213449
1323.9,169.7,1607623213453
1323.4,168.3,1607623213457
1323.1,167.1,1607623213461
1322.9,165.8,1607623213465
1323.1,165.1,1607623213469
1323.8,164.2,1607623213473
1324.6,163.4,1607623213477
1325.0,163.0,1607623213481
1324.6,164.0,1607623213485
1324.1,165.4,1607623213489
1323.6,166.7,1607623213493
1322.5,167.6,1607623213497
1311.3,170.0,1607623213501
1278.5,178.0,1607623213505
1222.8,194.2,1607623213509
1154.1,219.7,1607623213513
1088.0,257.2,1607623213517
1032.6,302.8,1607623213521
986.9,350.3,1607623213525
948.1,391.5,1607623213529
915.4,425.5,1607623213533
893.8,447.8,1607623213537
883.3,461.4,1607623213541
882.8,464.6,1607623213545
884.8,460.3,1607623213549
885.7,456.6,1607623213553
881.8,458.2,1607623213557
877.7,463.8,1607623213561
873.8,469.7,1607623213565
873.0,471.9,1607623213569
873.1,470.2,1607623213573
872.8,468.1,1607623213577
872.3,466.2,1607623213581
871.7,465.9,1607623213585
871.3,466.6,1607623213589
871.3,467.3,1607623213593
871.2,468.1,1607623213597
871.0,468.4,1607623213601
870.1,468.3,1607623213605
868.6,468.4,1607623213609
867.1,468.3,1607623213613
865.9,468.1,1607623213617
865.5,467.5,1607623213621
865.5,466.6,1607623213625
866.1,465.7,1607623213629
866.8,464.5,1607623213633
867.3,463.5,1607623213637
866.8,463.0,1607623213641
865.8,463.0,1607623213645
864.7,463.2,1607623213649
864.2,463.2,1607623213653
864.8,462.5,1607623213657
865.6,461.3,1607623213661
866.0,460.0,1607623213665
865.5,459.4,1607623213669
864.7,459.3,1607623213673
864.6,459.2,1607623213677
865.4,459.0,1607623213681
866.4,459.0,1607623213685
866.3,459.5,1607623213689
865.3,460.1,1607623213693
863.8,459.9,1607623213697
862.7,459.3,1607623213701
862.7,457.9,1607623213705
866.9,456.3,1607623213709
878.1,452.5,1607623213713
893.4,446.0,1607623213717
903.3,438.9,1607623213721
903.9,434.3,1607623213725
897.6,432.8,1607623213729
891.7,433.5,1607623213733
890.7,433.8,1607623213737
892.1,433.3,1607623213741
893.7,432.7,1607623213745
895.1,432.1,1607623213749
895.5,432.0,1607623213753
894.7,432.1,1607623213757
893.2,432.1,1607623213761
891.6,432.1,1607623213765
890.4,431.7,1607623213769
890.2,430.8,1607623213773
890.9,429.7,1607623213777
891.5,428.8,1607623213781
891.6,428.5,1607623213785
890.5,429.4,1607623213789
889.3,430.5,1607623213793
888.4,431.3,1607623213797
888.2,431.6,1607623213801
887.5,431.4,1607623213805
886.5,431.7,1607623213809
885.6,432.3,1607623213813
884.8,433.0,1607623213817
884.3,433.7,1607623213821
883.3,434.7,1607623213825
882.5,435.6,1607623213829
882.3,435.5,1607623213833
882.4,434.8,1607623213837
882.5,433.7,1607623213841
882.0,432.9,1607623213845
881.3,433.1,1607623213849
880.7,433.9,1607623213853
880.2,434.4,1607623213857
880.0,434.2,1607623213861
879.9,433.3,1607623213865
879.7,431.9,1607623213869
879.1,431.4,1607623213873
878.5,431.6,1607623213877
877.7,432.1,1607623213881
876.6,432.9,1607623213885
875.6,433.6,1607623213889
874.9,434.6,1607623213893
874.7,435.3,1607623213897
875.2,435.5,1607623213901
875.7,435.3,1607623213905
876.1,435.4,1607623213909
876.4,436.1,1607623213913
876.8,436.8,1607623213917
877.0,435.9,1607623213921
877.1,434.1,1607623213925
877.2,431.9,1607623213929
877.1,430.3,1607623213933
877.4,429.6,1607623213937
877.5,429.3,1607623213941
877.6,429.7,1607623213945
877.8,429.8,1607623213949
877.7,429.7,1607623213953
877.7,429.5,1607623213957
878.6,430.0,1607623213961
880.3,431.4,1607623213965
882.0,432.7,1607623213969
882.9,433.5,1607623213973
882.5,433.5,1607623213977
881.7,433.1,1607623213981
881.1,432.7,1607623213985
880.9,431.8,1607623213989
880.9,430.6,1607623213993
881.0,429.4,1607623213997
881.1,428.8,1607623214001
881.2,428.6,1607623214005
881.1,428.5,1607623214009
880.4,428.6,1607623214013
879.7,428.9,1607623214017
879.1,428.9,1607623214021
879.0,428.7,1607623214025
879.1,428.8,1607623214029
878.9,429.2,1607623214033
878.7,430.2,1607623214037
878.5,430.6,1607623214041
878.6,430.4,1607623214045
879.3,429.4,1607623214049
880.0,428.0,1607623214053
880.7,426.6,1607623214057
881.0,425.6,1607623214061
881.1,424.9,1607623214065
881.2,423.8,1607623214069
881.0,422.8,1607623214073
880.9,421.6,1607623214077
880.4,420.8,1607623214081
880.1,420.6,1607623214085
879.8,419.5,1607623214089
879.7,418.5,1607623214093
879.8,417.3,1607623214097
879.8,416.8,1607623214101
879.6,416.8,1607623214105
878.6,416.7,1607623214109
877.4,416.5,1607623214113
876.4,416.5,1607623214117
875.9,416.6,1607623214121
876.3,416.0,1607623214125
877.1,414.5,1607623214129
878.5,413.0,1607623214133
879.3,412.5,1607623214137
880.0,412.8,1607623214141
879.3,413.9,1607623214145
877.6,414.0,1607623214149
876.0,413.5,1607623214153
874.7,413.1,1607623214157
874.5,413.0,1607623214161
874.7,413.8,1607623214165
875.2,414.4,1607623214169
875.9,414.8,1607623214173
876.7,415.0,1607623214177
877.1,415.7,1607623214181
876.9,416.0,1607623214185
876.7,416.2,1607623214189
875.8,417.0,1607623214193
875.3,417.3,1607623214197
875.4,417.6,1607623214201
876.4,417.7,1607623214205
878.6,417.3,1607623214209
879.8,416.9,1607623214213
879.9,416.8,1607623214217
878.5,416.8,1607623214221
876.9,417.0,1607623214225
875.8,416.7,1607623214229
875.9,416.3,1607623214233
875.8,415.9,1607623214237
875.3,415.9,1607623214241
874.8,416.0,1607623214245
874.1,415.8,1607623214249
874.0,415.5,1607623214253
874.1,415.3,1607623214257
873.8,414.9,1607623214261
873.7,413.9,1607623214265
874.2,412.8,1607623214269
874.8,411.9,1607623214273
875.4,411.7,1607623214277
875.7,411.9,1607623214281
876.0,411.9,1607623214285
876.4,411.6,1607623214289
876.7,411.2,1607623214293
876.2,411.6,1607623214297
875.4,412.4,1607623214301
874.6,412.7,1607623214305
874.0,411.6,1607623214309
873.6,409.8,1607623214313
873.8,408.8,1607623214317
874.8,409.1,1607623214321
875.9,409.3,1607623214325
876.1,409.0,1607623214329
875.5,408.1,1607623214333
874.8,408.0,1607623214337
874.4,408.9,1607623214341
874.3,409.9,1607623214345
874.3,410.7,1607623214349
874.3,411.1,1607623214353
874.6,411.2,1607623214357
875.1,411.0,1607623214361
875.2,410.8,1607623214365
875.1,411.2,1607623214369
874.7,411.7,1607623214373
874.3,412.0,1607623214377
874.0,411.7,1607623214381
873.6,411.3,1607623214385
873.1,411.0,1607623214389
872.5,410.9,1607623214393
871.3,410.9,1607623214397
870.1,411.4,1607623214401
869.2,412.0,1607623214405
868.4,413.1,1607623214409
868.3,414.0,1607623214413
868.4,414.4,1607623214417
868.3,413.0,1607623214421
868.4,410.9,1607623214425
868.6,408.9,1607623214429
868.8,408.0,1607623214433
869.7,408.1,1607623214437
870.7,408.0,1607623214441
870.9,407.6,1607623214445
870.8,407.0,1607623214449
870.1,406.8,1607623214453
869.5,406.5,1607623214457
869.0,406.1,1607623214461
868.0,405.7,1607623214465
867.2,405.4,1607623214469
866.5,405.4,1607623214473
866.2,406.0,1607623214477
866.0,406.9,1607623214481
865.9,407.8,1607623214485
865.6,408.5,1607623214489
865.1,409.0,1607623214493
864.4,409.5,1607623214497
863.9,409.6,1607623214501
863.7,409.6,1607623214505
863.8,409.5,1607623214509
864.0,408.6,1607623214513
864.4,407.3,1607623214517
864.6,405.8,1607623214521
864.7,404.6,1607623214525
865.2,404.3,1607623214529
866.4,404.3,1607623214533
867.5,404.7,1607623214537
868.1,405.0,1607623214541
867.5,405.7,1607623214545
866.6,406.6,1607623214549
866.0,407.3,1607623214553
865.8,408.1,1607623214557
865.5,408.7,1607623214561
864.9,408.9,1607623214565
864.4,408.4,1607623214569
863.9,407.5,1607623214573
863.8,406.9,1607623214577
864.1,407.6,1607623214581
864.5,408.5,1607623214585
864.4,409.2,1607623214589
863.9,409.4,1607623214593
863.1,409.3,1607623214597
862.4,408.8,1607623214601
861.6,408.0,1607623214605
860.0,406.7,1607623214609
858.5,405.6,1607623214613
857.1,404.8,1607623214617
856.8,404.8,1607623214621
857.0,405.1,1607623214625
856.8,405.4,1607623214629
856.1,405.8,1607623214633
855.9,405.8,1607623214637
855.8,405.6,1607623214641
856.3,405.2,1607623214645
856.6,404.5,1607623214649
856.5,403.6,1607623214653
856.6,402.8,1607623214657
856.6,402.3,1607623214661
856.1,402.5,1607623214665
854.6,403.4,1607623214669
853.5,404.0,1607623214673
852.7,404.5,1607623214677
853.1,404.6,1607623214681
853.5,404.5,1607623214685
853.6,404.4,1607623214689
853.1,404.4,1607623214693
852.3,404.9,1607623214697
851.3,405.3,1607623214701
850.4,405.2,1607623214705
849.8,404.3,1607623214709
849.5,402.5,1607623214713
848.9,401.3,1607623214717
848.2,401.3,1607623214721
847.7,402.4,1607623214725
847.1,403.7,1607623214729
847.0,404.5,1607623214733
847.1,404.5,1607623214737
847.4,404.1,1607623214741
847.8,403.5,1607623214745
847.7,403.1,1607623214749
847.5,402.6,1607623214753
847.3,402.1,1607623214757
846.5,401.8,1607623214761
844.9,401.7,1607623214765
843.9,401.6,1607623214769
844.7,401.1,1607623214773
846.2,400.1,1607623214777
848.1,399.0,1607623214781
848.3,397.9,1607623214785
847.7,396.5,1607623214789
846.8,395.5,1607623214793
845.7,395.0,1607623214797
844.7,395.3,1607623214801
844.3,395.6,1607623214805
844.1,395.8,1607623214809
843.6,395.9,1607623214813
842.8,396.1,1607623214817
842.0,396.3,1607623214821
841.3,395.4,1607623214825
840.6,394.4,1607623214829
840.0,394.2,1607623214833
839.4,394.7,1607623214837
838.9,395.5,1607623214841
839.0,395.3,1607623214845
839.5,394.3,1607623214849
839.9,393.3,1607623214853
840.0,392.4,1607623214857
839.3,392.0,1607623214861
838.5,392.5,1607623214865
837.8,394.1,1607623214869
837.5,395.8,1607623214873
837.4,396.6,1607623214877
837.3,396.3,1607623214881
836.8,395.3,1607623214885
836.3,394.5,1607623214889
835.8,394.2,1607623214893
835.5,394.2,1607623214897
835.5,394.8,1607623214901
835.3,396.2,1607623214905
835.1,397.4,1607623214909
835.0,398.1,1607623214913
835.6,397.1,1607623214917
836.4,396.3,1607623214921
837.1,395.9,1607623214925
837.5,395.8,1607623214929
837.1,396.1,1607623214933
835.5,396.2,1607623214937
833.9,396.1,1607623214941
832.7,396.3,1607623214945
833.1,396.3,1607623214949
833.8,396.3,1607623214953
834.0,395.8,1607623214957
833.5,394.3,1607623214961
832.9,393.0,1607623214965
832.7,392.1,1607623214969
832.6,392.7,1607623214973
832.3,393.5,1607623214977
832.1,394.1,1607623214981
831.8,394.1,1607623214985
831.6,393.6,1607623214989
832.1,392.6,1607623214993
833.1,392.3,1607623214997
834.0,392.4,1607623215001
834.5,393.2,1607623215005
833.7,393.7,1607623215009
832.6,393.2,1607623215013
831.2,392.6,1607623215017
829.9,392.3,1607623215021
829.1,392.3,1607623215025
829.4,392.3,1607623215029
830.7,392.0,1607623215033
832.0,391.6,1607623215037
832.5,391.3,1607623215041
831.8,391.0,1607623215045
831.0,390.5,1607623215049
830.3,390.5,1607623215053
829.8,391.2,1607623215057
829.5,392.1,1607623215061
829.2,392.5,1607623215065
828.8,391.8,1607623215069
828.7,390.6,1607623215073
828.2,390.1,1607623215077
827.7,390.1,1607623215081
827.8,390.6,1607623215085
828.6,391.8,1607623215089
829.6,392.8,1607623215093
830.6,393.6,1607623215097
830.9,393.8,1607623215101
830.8,392.4,1607623215105
830.6,389.9,1607623215109
830.7,387.3,1607623215113
830.7,384.9,1607623215117
830.7,384.1,1607623215121
830.5,383.7,1607623215125
830.5,383.5,1607623215129
830.7,384.2,1607623215133
830.8,385.4,1607623215137
830.6,386.5,1607623215141
829.9,387.3,1607623215145
829.4,387.5,1607623215149
829.1,387.8,1607623215153
829.1,387.9,1607623215157
828.8,387.7,1607623215161
828.5,387.7,1607623215165
828.3,388.0,1607623215169
828.5,388.3,1607623215173
829.0,388.4,1607623215177
829.6,387.9,1607623215181
830.3,387.5,1607623215185
831.0,387.3,1607623215189
831.3,387.5,1607623215193
831.4,387.9,1607623215197
831.5,388.3,1607623215201
831.6,387.6,1607623215205
831.5,386.5,1607623215209
830.9,385.4,1607623215213
830.0,385.3,1607623215217
828.9,386.3,1607623215221
828.1,387.5,1607623215225
827.6,388.7,1607623215229
827.9,389.3,1607623215233
828.3,390.1,1607623215237
828.5,390.4,1607623215241
828.3,390.4,1607623215245
827.8,389.8,1607623215249
827.3,390.0,1607623215253
826.8,390.3,1607623215257
826.6,390.7,1607623215261
826.3,390.7,1607623215265
825.8,390.2,1607623215269
825.3,389.9,1607623215273
824.9,389.6,1607623215277
824.5,389.5,1607623215281
823.9,389.5,1607623215285
823.2,389.8,1607623215289
822.6,389.9,1607623215293
822.4,390.2,1607623215297
822.4,390.5,1607623215301
823.1,390.5,1607623215305
823.6,390.7,1607623215309
822.8,390.9,1607623215313
822.0,391.2,1607623215317
820.7,390.7,1607623215321
820.5,390.2,1607623215325
820.4,389.7,1607623215329
820.0,390.0,1607623215333
819.8,390.5,1607623215337
819.8,390.7,1607623215341
820.3,390.8,1607623215345
820.7,390.6,1607623215349
821.1,390.2,1607623215353
821.5,389.9,1607623215357
821.8,389.8,1607623215361
821.2,390.1,1607623215365
820.2,390.7,1607623215369
819.3,391.1,1607623215373
819.0,389.9,1607623215377
819.2,388.3,1607623215381
819.5,386.7,1607623215385
819.3,386.4,1607623215389
818.5,387.2,1607623215393
817.7,387.9,1607623215397
816.9,387.1,1607623215401
816.6,385.8,1607623215405
816.9,384.6,1607623215409
816.6,383.8,1607623215413
815.8,384.3,1607623215417
814.9,385.0,1607623215421
814.1,385.8,1607623215425
813.9,386.2,1607623215429
813.8,386.2,1607623215433
813.4,386.2,1607623215437
812.5,386.5,1607623215441
811.8,386.9,1607623215445
811.5,387.3,1607623215449
811.6,386.7,1607623215453
811.9,384.9,1607623215457
812.2,383.4,1607623215461
812.9,382.6,1607623215465
813.8,383.0,1607623215469
814.3,383.2,1607623215473
813.8,382.7,1607623215477
812.8,382.1,1607623215481
811.3,381.6,1607623215485
810.0,381.6,1607623215489
809.3,381.3,1607623215493
809.2,380.6,1607623215497
808.8,380.2,1607623215501
808.4,380.1,1607623215505
807.8,380.3,1607623215509
807.5,380.8,1607623215513
807.7,380.9,1607623215517
807.7,381.0,1607623215521
807.4,380.2,1607623215525
807.0,379.0,1607623215529
806.5,377.5,1607623215533
805.9,376.4,1607623215537
804.2,376.4,1607623215541
802.4,377.1,1607623215545
801.2,378.2,1607623215549
801.0,379.8,1607623215553
801.5,380.8,1607623215557
801.7,381.6,1607623215561
801.6,381.8,1607623215565
801.7,381.3,1607623215569
802.2,380.8,1607623215573
802.9,380.3,1607623215577
803.6,380.0,1607623215581
804.2,379.9,1607623215585
804.3,379.6,1607623215589
804.0,379.0,1607623215593
803.6,378.3,1607623215597
802.7,377.8,1607623215601
802.0,377.6,1607623215605
801.7,377.8,1607623215609
801.5,378.2,1607623215613
801.8,378.6,1607623215617
802.1,378.5,1607623215621
802.1,378.1,1607623215625
801.8,377.7,1607623215629
799.2,378.0,1607623215633
792.6,377.6,1607623215637
784.2,372.0,1607623215641
776.0,365.0,1607623215645
771.8,358.3,1607623215649
771.2,355.1,1607623215653
771.5,355.9,1607623215657
771.4,356.7,1607623215661
770.8,357.2,1607623215665
770.2,357.7,1607623215669
769.9,357.9,1607623215673
769.6,357.7,1607623215677
769.2,357.1,1607623215681
768.8,355.8,1607623215685
768.2,354.6,1607623215689
767.8,353.3,1607623215693
767.3,352.1,1607623215697
766.6,350.9,1607623215701
765.9,349.9,1607623215705
765.4,349.5,1607623215709
765.5,349.6,1607623215713
765.6,350.8,1607623215717
765.5,353.0,1607623215721
765.2,354.8,1607623215725
765.0,356.3,1607623215729
765.0,356.0,1607623215733
765.2,355.1,1607623215737
765.2,354.3,1607623215741
764.8,353.4,1607623215745
764.1,352.1,1607623215749
763.5,351.0,1607623215753
763.3,350.0,1607623215757
763.1,349.1,1607623215761
762.5,348.9,1607623215765
761.6,348.6,1607623215769
761.7,348.2,1607623215773
762.1,347.9,1607623215777
762.3,347.6,1607623215781
762.2,347.7,1607623215785
761.7,348.0,1607623215789
761.4,348.5,1607623215793
761.6,348.5,1607623215797
761.6,348.1,1607623215801
761.7,347.7,1607623215805
761.7,347.4,1607623215809
761.1,348.0,1607623215813
760.4,348.8,1607623215817
759.7,349.3,1607623215821
759.2,349.3,1607623215825
759.1,348.3,1607623215829
758.9,347.3,1607623215833
758.8,346.4,1607623215837
758.8,345.8,1607623215841
759.4,345.1,1607623215845
760.1,344.3,1607623215849
760.7,343.5,1607623215853
760.1,342.9,1607623215857
759.0,342.9,1607623215861
758.2,343.1,1607623215865
757.9,343.4,1607623215869
758.2,343.9,1607623215873
758.4,344.1,1607623215877
758.8,344.1,1607623215881
759.8,343.8,1607623215885
761.0,343.3,1607623215889
762.0,342.6,1607623215893
762.6,342.1,1607623215897
762.8,341.8,1607623215901
763.0,341.6,1607623215905
763.3,341.1,1607623215909
763.7,340.4,1607623215913
764.2,339.9,1607623215917
764.4,340.3,1607623215921
764.4,341.3,1607623215925
764.5,342.0,1607623215929
765.4,342.0,1607623215933
766.9,341.6,1607623215937
768.3,341.4,1607623215941
768.5,341.6,1607623215945
768.2,341.6,1607623215949
768.2,341.3,1607623215953
768.6,340.9,1607623215957
769.4,340.5,1607623215961
769.6,340.2,1607623215965
769.7,340.0,1607623215969
769.5,340.3,1607623215973
768.8,340.6,1607623215977
768.2,340.7,1607623215981
767.6,339.8,1607623215985
767.1,338.8,1607623215989
766.8,338.6,1607623215993
766.3,339.7,1607623215997
765.9,341.2,1607623216001
765.5,341.5,1607623216005
765.2,341.5,1607623216009
764.7,341.0,1607623216013
763.6,341.1,1607623216017
762.4,341.6,1607623216021
761.3,342.3,1607623216025
761.1,342.8,1607623216029
762.1,342.9,1607623216033
763.1,342.7,1607623216037
763.7,342.4,1607623216041
763.6,342.2,1607623216045
763.3,342.0,1607623216049
763.0,341.3,1607623216053
762.4,340.3,1607623216057
761.7,339.3,1607623216061
761.2,339.3,1607623216065
760.8,340.9,1607623216069
760.7,342.6,1607623216073
760.9,344.0,1607623216077
761.2,343.8,1607623216081
761.7,342.9,1607623216085
762.2,341.7,1607623216089
761.6,340.2,1607623216093
760.6,339.0,1607623216097
759.5,337.8,1607623216101
758.7,336.9,1607623216105
758.4,336.9,1607623216109
757.8,337.5,1607623216113
757.2,338.6,1607623216117
756.9,339.5,1607623216121
757.0,339.5,1607623216125
757.2,337.8,1607623216129
757.9,335.9,1607623216133
758.4,334.5,1607623216137
759.0,334.2,1607623216141
759.5,334.7,1607623216145
760.1,334.8,1607623216149
761.0,334.4,1607623216153
761.8,333.5,1607623216157
762.2,332.4,1607623216161
762.0,330.8,1607623216165
761.8,329.4,1607623216169
761.7,328.7,1607623216173
761.1,328.5,1607623216177
760.1,329.1,1607623216181
758.8,329.5,1607623216185
757.6,329.9,1607623216189
756.3,330.5,1607623216193
755.2,331.1,1607623216197
754.0,331.9,1607623216201
753.0,332.8,1607623216205
752.4,333.6,1607623216209
751.8,334.2,1607623216213
751.2,334.8,1607623216217
750.1,336.4,1607623216221
748.8,338.4,1607623216225
747.7,340.1,1607623216229
746.8,341.2,1607623216233
746.6,341.3,1607623216237
746.5,340.9,1607623216241
746.1,340.0,1607623216245
745.4,339.0,1607623216249
744.7,338.4,1607623216253
744.3,338.0,1607623216257
744.0,337.7,1607623216261
743.7,337.4,1607623216265
743.2,336.7,1607623216269
742.6,335.8,1607623216273
742.1,334.9,1607623216277
741.4,334.5,1607623216281
740.5,334.7,1607623216285
739.5,334.7,1607623216289
739.0,334.3,1607623216293
739.1,333.3,1607623216297
739.8,331.9,1607623216301
740.3,330.8,1607623216305
740.2,330.0,1607623216309
739.2,330.1,1607623216313
738.6,330.3,1607623216317
738.9,330.3,1607623216321
739.9,329.9,1607623216325
740.5,329.1,1607623216329
740.3,328.5,1607623216333
739.5,328.1,1607623216337
738.5,328.3,1607623216341
738.0,328.5,1607623216345
738.2,328.2,1607623216349
738.9,327.3,1607623216353
740.0,326.5,1607623216357
741.1,325.9,1607623216361
741.8,325.4,1607623216365
742.4,325.0,1607623216369
742.7,324.8,1607623216373
742.3,325.1,1607623216377
742.0,325.6,1607623216381
741.8,326.1,1607623216385
742.0,326.1,1607623216389
742.7,325.9,1607623216393
743.0,326.0,1607623216397
742.7,326.3,1607623216401
742.2,326.7,1607623216405
741.8,326.9,1607623216409
742.3,326.7,1607623216413
742.9,326.5,1607623216417
742.5,327.2,1607623216421
741.7,328.2,1607623216425
740.7,329.5,1607623216429
740.0,329.9,1607623216433
740.3,329.8,1607623216437
740.5,329.6,1607623216441
740.6,329.5,1607623216445
740.1,329.9,1607623216449
739.3,330.9,1607623216453
738.4,332.0,1607623216457
737.4,332.7,1607623216461
736.4,332.7,1607623216465
735.5,332.8,1607623216469
734.7,333.1,1607623216473
734.5,333.2,1607623216477
735.2,332.4,1607623216481
736.5,330.3,1607623216485
737.9,328.5,1607623216489
738.3,327.7,1607623216493
737.8,327.7,1607623216497
737.1,328.5,1607623216501
736.6,328.5,1607623216505
736.8,328.0,1607623216509
736.9,326.9,1607623216513
736.8,325.8,1607623216517
736.6,324.3,1607623216521
736.3,322.9,1607623216525
735.9,322.0,1607623216529
735.6,321.7,1607623216533
735.7,321.7,1607623216537
736.0,321.7,1607623216541
736.2,321.7,1607623216545
736.3,321.8,1607623216549
736.3,322.4,1607623216553
736.4,323.3,1607623216557
736.2,324.6,1607623216561
735.8,325.2,1607623216565
735.2,323.9,1607623216569
735.0,321.7,1607623216573
735.2,319.1,1607623216577
735.8,317.8,1607623216581
736.6,319.1,1607623216585
737.1,320.8,1607623216589
737.0,322.6,1607623216593
736.7,323.3,1607623216597
736.2,323.9,1607623216601
736.1,324.7,1607623216605
736.5,325.2,1607623216609
736.8,325.4,1607623216613
736.8,324.7,1607623216617
736.6,323.8,1607623216621
736.5,323.0,1607623216625
736.9,321.9,1607623216629
738.2,321.1,1607623216633
739.3,320.9,1607623216637
740.2,321.8,1607623216641
739.7,323.0,1607623216645
738.6,323.6,1607623216649
737.5,323.2,1607623216653
737.0,322.6,1607623216657
737.1,322.3,1607623216661
736.9,322.6,1607623216665
736.4,323.2,1607623216669
735.8,323.8,1607623216673
735.6,324.4,1607623216677
736.0,324.8,1607623216681
736.6,324.4,1607623216685
736.7,322.5,1607623216689
736.2,320.6,1607623216693
735.4,319.0,1607623216697
734.2,318.3,1607623216701
733.4,318.1,1607623216705
733.2,317.5,1607623216709
733.8,316.5,1607623216713
734.3,315.4,1607623216717
734.5,314.6,1607623216721
734.0,314.7,1607623216725
733.5,315.8,1607623216729
733.4,317.3,1607623216733
733.2,318.6,1607623216737
733.1,319.7,1607623216741
733.1,320.7,1607623216745
733.3,320.0,1607623216749
733.6,319.1,1607623216753
734.0,318.0,1607623216757
734.2,317.0,1607623216761
734.4,317.3,1607623216765
734.7,317.1,1607623216769
735.0,316.6,1607623216773
735.3,316.5,1607623216777
734.8,316.8,1607623216781
733.9,317.2,1607623216785
733.3,317.1,1607623216789
732.8,315.9,1607623216793
732.7,314.6,1607623216797
732.3,313.8,1607623216801
731.7,313.4,1607623216805
731.5,313.4,1607623216809
732.2,312.4,1607623216813
733.1,311.6,1607623216817
733.7,311.3,1607623216821
732.8,311.7,1607623216825
731.0,312.9,1607623216829
729.1,313.8,1607623216833
728.0,314.3,1607623216837
727.7,314.1,1607623216841
727.7,313.9,1607623216845
727.9,313.7,1607623216849
727.9,314.1,1607623216853
727.2,314.0,1607623216857
726.3,313.4,1607623216861
725.9,313.6,1607623216865
725.9,314.9,1607623216869
726.3,317.0,1607623216873
726.2,319.1,1607623216877
726.0,319.6,1607623216881
725.9,320.0,1607623216885
725.6,320.1,1607623216889
724.8,320.2,1607623216893
723.9,320.2,1607623216897
723.1,320.2,1607623216901
722.9,320.1,1607623216905
722.8,320.0,1607623216909
722.7,319.9,1607623216913
722.8,319.6,1607623216917
723.2,319.4,1607623216921
724.4,318.7,1607623216925
725.3,317.5,1607623216929
726.3,315.8,1607623216933
726.6,314.2,1607623216937
726.6,313.4,1607623216941
726.6,312.8,1607623216945
726.5,312.5,1607623216949
726.5,312.0,1607623216953
726.6,311.1,1607623216957
726.6,310.5,1607623216961
726.7,310.3,1607623216965
726.5,310.7,1607623216969
726.5,311.5,1607623216973
727.4,310.2,1607623216977
728.5,309.3,1607623216981
729.5,308.8,1607623216985
729.8,308.9,1607623216989
729.3,309.0,1607623216993
728.6,308.0,1607623216997
728.1,307.0,1607623217001
727.5,306.6,1607623217005
726.8,307.1,1607623217009
726.3,308.0,1607623217013
726.1,309.1,1607623217017
726.0,310.3,1607623217021
725.9,311.1,1607623217025
725.7,310.3,1607623217029
725.5,309.3,1607623217033
725.3,308.3,1607623217037
724.6,308.2,1607623217041
723.9,308.6,1607623217045
723.4,307.9,1607623217049
723.6,306.8,1607623217053
724.1,305.6,1607623217057
724.1,305.5,1607623217061
723.9,306.1,1607623217065
723.4,306.8,1607623217069
722.7,307.1,1607623217073
721.8,307.3,1607623217077
721.1,307.0,1607623217081
720.8,306.2,1607623217085
720.9,305.6,1607623217089
721.2,304.8,1607623217093
721.9,305.0,1607623217097
723.4,305.6,1607623217101
724.6,306.4,1607623217105
724.8,307.1,1607623217109
723.5,307.5,1607623217113
722.1,307.3,1607623217117
721.2,306.6,1607623217121
720.7,305.9,1607623217125
720.4,305.2,1607623217129
720.1,304.7,1607623217133
720.3,304.7,1607623217137
720.9,305.2,1607623217141
721.5,305.8,1607623217145
722.1,306.3,1607623217149
722.1,306.6,1607623217153
721.3,306.3,1607623217157
720.5,305.5,1607623217161
719.8,303.9,1607623217165
719.5,301.9,1607623217169
719.5,300.8,1607623217173
720.2,300.2,1607623217177
724.0,299.2,1607623217181
729.3,295.5,1607623217185
733.9,289.9,1607623217189
734.9,284.9,1607623217193
728.9,282.3,1607623217197
722.6,282.5,1607623217201
718.0,283.0,1607623217205
717.6,281.0,1607623217209
719.0,278.3,1607623217213
720.0,276.2,1607623217217
720.1,275.3,1607623217221
719.6,275.7,1607623217225
719.1,275.8,1607623217229
718.8,276.0,1607623217233
719.0,276.4,1607623217237
719.4,276.9,1607623217241
719.4,277.2,1607623217245
719.1,276.8,1607623217249
718.7,276.1,1607623217253
718.1,275.3,1607623217257
718.2,274.4,1607623217261
718.9,272.9,1607623217265
719.6,271.2,1607623217269
720.1,269.9,1607623217273
719.6,269.3,1607623217277
718.8,268.5,1607623217281
718.0,267.9,1607623217285
717.4,267.8,1607623217289
717.0,268.2,1607623217293
717.0,268.4,1607623217297
717.1,267.6,1607623217301
717.2,266.6,1607623217305
717.4,266.0,1607623217309
717.4,265.5,1607623217313
717.1,265.3,1607623217317
716.4,265.2,1607623217321
715.4,265.1,1607623217325
714.5,264.7,1607623217329
713.8,264.3,1607623217333
713.5,264.1,1607623217337
713.5,264.4,1607623217341
713.6,265.2,1607623217345
713.5,265.6,1607623217349
713.2,265.6,1607623217353
712.9,265.2,1607623217357
712.9,264.3,1607623217361
713.4,263.0,1607623217365
713.7,262.0,1607623217369
713.7,261.0,1607623217373
713.5,260.5,1607623217377
713.3,260.0,1607623217381
713.2,259.7,1607623217385
712.9,259.4,1607623217389
712.4,259.3,1607623217393
711.9,259.1,1607623217397
711.6,258.9,1607623217401
711.4,258.7,1607623217405
711.3,258.5,1607623217409
711.1,258.5,1607623217413
710.7,258.2,1607623217417
710.4,257.8,1607623217421
710.2,257.4,1607623217425
710.4,257.0,1607623217429
710.4,256.9,1607623217433
709.9,257.3,1607623217437
708.9,258.5,1607623217441
707.6,259.4,1607623217445
706.6,259.9,1607623217449
706.1,259.6,1607623217453
705.6,258.0,1607623217457
706.0,250.9,1607623217461
706.6,244.1,1607623217465
707.3,237.4,1607623217469
708.3,232.8,1607623217473
708.2,233.1,1607623217477
0.0,0.0,1607623217481
0.0,0.0,1607623217485
0.0,0.0,1607623217489
0.0,0.0,1607623217493
0.0,0.0,1607623217497
0.0,0.0,1607623217501
0.0,0.0,1607623217505
0.0,0.0,1607623217509
-1360.2,812.1,1607623217513
0.0,0.0,1607623217517
0.0,0.0,1607623217521
0.0,0.0,1607623217525
0.0,0.0,1607623217529
0.0,0.0,1607623217533
0.0,0.0,1607623217537
0.0,0.0,1607623217541
691.3,214.4,1607623217545
691.9,215.0,1607623217549
692.4,215.6,1607623217553
692.7,216.4,1607623217557
692.0,216.8,1607623217561
691.0,216.9,1607623217565
690.1,217.3,1607623217569
689.7,218.3,1607623217573
689.1,219.5,1607623217577
688.0,221.1,1607623217581
687.4,222.6,1607623217585
687.7,223.3,1607623217589
688.8,223.8,1607623217593
689.1,224.0,1607623217597
687.6,224.3,1607623217601
686.9,224.3,1607623217605
686.5,224.5,1607623217609
686.5,224.9,1607623217613
686.4,225.4,1607623217617
685.3,225.7,1607623217621
685.1,225.7,1607623217625
685.1,225.8,1607623217629
684.9,226.4,1607623217633
684.0,227.4,1607623217637
683.1,228.1,1607623217641
682.7,228.4,1607623217645
683.5,228.0,1607623217649
684.4,227.5,1607623217653
684.8,227.0,1607623217657
684.3,226.8,1607623217661
683.7,226.6,1607623217665
683.1,226.2,1607623217669
682.7,226.0,1607623217673
682.4,226.0,1607623217677
682.3,226.3,1607623217681
682.1,226.2,1607623217685
681.9,225.3,1607623217689
681.9,224.3,1607623217693
682.0,223.8,1607623217697
681.9,224.5,1607623217701
681.4,225.6,1607623217705
680.5,227.3,1607623217709
679.7,227.0,1607623217713
679.3,226.2,1607623217717
679.3,225.1,1607623217721
679.5,224.7,1607623217725
679.4,225.7,1607623217729
678.8,226.3,1607623217733
677.9,226.3,1607623217737
677.2,225.8,1607623217741
677.9,224.8,1607623217745
679.1,223.4,1607623217749
680.0,222.2,1607623217753
679.8,221.5,1607623217757
678.6,221.5,1607623217761
677.3,222.5,1607623217765
676.7,223.7,1607623217769
676.3,224.8,1607623217773
676.5,225.3,1607623217777
676.7,225.5,1607623217781
676.8,225.4,1607623217785
676.5,225.6,1607623217789
676.1,225.5,1607623217793
675.6,225.5,1607623217797
675.6,225.3,1607623217801
676.2,224.4,1607623217805
676.6,223.1,1607623217809
676.9,222.3,1607623217813
677.1,221.8,1607623217817
677.4,222.4,1607623217821
677.9,222.5,1607623217825
678.1,222.3,1607623217829
678.1,222.2,1607623217833
678.4,222.4,1607623217837
679.1,223.3,1607623217841
679.3,224.3,1607623217845
679.0,224.7,1607623217849
677.9,224.6,1607623217853
676.7,224.3,1607623217857
676.1,224.2,1607623217861
